country,year,age_group,risk_factor,sex,e_inc_num
afg,2019,15plus,alc,a,520
afg,2019,15plus,alc,f,73
afg,2019,15plus,alc,m,350
afg,2019,18plus,dia,a,3200
afg,2019,18plus,dia,f,1800
afg,2019,18plus,dia,m,1400
afg,2019,all,hiv,a,660
afg,2019,all,und,a,28000
alb,2019,15plus,alc,a,54
alb,2019,15plus,smk,a,62
alb,2019,15plus,alc,f,6
alb,2019,15plus,smk,f,5
alb,2019,15plus,alc,m,59
alb,2019,15plus,smk,m,69
alb,2019,18plus,dia,a,16
alb,2019,18plus,dia,f,4
alb,2019,18plus,dia,m,11
alb,2019,all,hiv,a,11
alb,2019,all,und,a,56
dza,2019,15plus,alc,a,440
dza,2019,15plus,smk,a,1800
dza,2019,15plus,alc,f,0
dza,2019,15plus,smk,f,50
dza,2019,15plus,alc,m,480
dza,2019,15plus,smk,m,1900
dza,2019,18plus,dia,a,1400
dza,2019,18plus,dia,f,580
dza,2019,18plus,dia,m,820
dza,2019,all,hiv,a,280
dza,2019,all,und,a,2100
and,2019,15plus,alc,a,0
and,2019,15plus,smk,a,0
and,2019,15plus,alc,f,0
and,2019,15plus,smk,f,0
and,2019,15plus,alc,m,0
and,2019,15plus,smk,m,0
and,2019,18plus,dia,a,0
and,2019,18plus,dia,f,0
and,2019,18plus,dia,m,0
ago,2019,15plus,alc,a,12000
ago,2019,15plus,alc,f,1500
ago,2019,15plus,alc,m,11000
ago,2019,18plus,dia,a,3800
ago,2019,18plus,dia,f,1500
ago,2019,18plus,dia,m,2300
ago,2019,all,hiv,a,7700
ago,2019,all,und,a,40000
atg,2019,15plus,alc,a,0
atg,2019,15plus,alc,f,0
atg,2019,15plus,alc,m,0
atg,2019,18plus,dia,a,0
atg,2019,18plus,dia,f,0
atg,2019,18plus,dia,m,0
arg,2019,15plus,alc,a,1600
arg,2019,15plus,smk,a,1300
arg,2019,15plus,alc,f,330
arg,2019,15plus,smk,f,400
arg,2019,15plus,alc,m,1400
arg,2019,15plus,smk,m,930
arg,2019,18plus,dia,a,560
arg,2019,18plus,dia,f,230
arg,2019,18plus,dia,m,330
arg,2019,all,hiv,a,770
arg,2019,all,und,a,1200
arm,2019,15plus,alc,a,84
arm,2019,15plus,smk,a,93
arm,2019,15plus,alc,f,7
arm,2019,15plus,smk,f,1
arm,2019,15plus,alc,m,110
arm,2019,15plus,smk,m,130
arm,2019,18plus,dia,a,39
arm,2019,18plus,dia,f,8
arm,2019,18plus,dia,m,29
arm,2019,all,hiv,a,82
arm,2019,all,und,a,67
aus,2019,15plus,alc,a,150
aus,2019,15plus,smk,a,120
aus,2019,15plus,alc,f,48
aus,2019,15plus,smk,f,52
aus,2019,15plus,alc,m,110
aus,2019,15plus,smk,m,75
aus,2019,18plus,dia,a,46
aus,2019,18plus,dia,f,20
aus,2019,18plus,dia,m,29
aus,2019,all,hiv,a,23
aus,2019,all,und,a,90
aut,2019,15plus,alc,a,120
aut,2019,15plus,smk,a,74
aut,2019,15plus,alc,f,24
aut,2019,15plus,smk,f,26
aut,2019,15plus,alc,m,86
aut,2019,15plus,smk,m,43
aut,2019,18plus,dia,a,11
aut,2019,18plus,dia,f,3
aut,2019,18plus,dia,m,7
aut,2019,all,hiv,a,13
aut,2019,all,und,a,29
aze,2019,15plus,alc,a,670
aze,2019,15plus,smk,a,550
aze,2019,15plus,alc,f,89
aze,2019,15plus,smk,f,2
aze,2019,15plus,alc,m,680
aze,2019,15plus,smk,m,640
aze,2019,18plus,dia,a,320
aze,2019,18plus,dia,f,120
aze,2019,18plus,dia,m,200
aze,2019,all,hiv,a,91
aze,2019,all,und,a,310
bhs,2019,15plus,alc,a,6
bhs,2019,15plus,smk,a,2
bhs,2019,15plus,alc,f,1
bhs,2019,15plus,smk,f,0
bhs,2019,15plus,alc,m,6
bhs,2019,15plus,smk,m,3
bhs,2019,18plus,dia,a,3
bhs,2019,18plus,dia,f,1
bhs,2019,18plus,dia,m,1
bhs,2019,all,hiv,a,15
bhr,2019,15plus,alc,a,7
bhr,2019,15plus,smk,a,18
bhr,2019,15plus,alc,f,0
bhr,2019,15plus,smk,f,1
bhr,2019,15plus,alc,m,7
bhr,2019,15plus,smk,m,22
bhr,2019,18plus,dia,a,10
bhr,2019,18plus,dia,f,3
bhr,2019,18plus,dia,m,8
bhr,2019,all,hiv,a,13
bgd,2019,15plus,alc,a,6000
bgd,2019,15plus,smk,a,34000
bgd,2019,15plus,alc,f,980
bgd,2019,15plus,smk,f,800
bgd,2019,15plus,alc,m,5900
bgd,2019,15plus,smk,m,34000
bgd,2019,18plus,dia,a,15000
bgd,2019,18plus,dia,f,6200
bgd,2019,18plus,dia,m,9100
bgd,2019,all,hiv,a,680
bgd,2019,all,und,a,88000
brb,2019,15plus,alc,a,0
brb,2019,15plus,smk,a,0
brb,2019,15plus,alc,f,0
brb,2019,15plus,smk,f,0
brb,2019,15plus,alc,m,0
brb,2019,15plus,smk,m,0
brb,2019,18plus,dia,a,0
brb,2019,18plus,dia,f,0
brb,2019,18plus,dia,m,0
brb,2019,all,und,a,0
blr,2019,15plus,alc,a,790
blr,2019,15plus,smk,a,340
blr,2019,15plus,alc,f,95
blr,2019,15plus,smk,f,42
blr,2019,15plus,alc,m,810
blr,2019,15plus,smk,m,360
blr,2019,18plus,dia,a,99
blr,2019,18plus,dia,f,27
blr,2019,18plus,dia,m,72
blr,2019,all,hiv,a,190
blr,2019,all,und,a,140
bel,2019,15plus,alc,a,150
bel,2019,15plus,smk,a,120
bel,2019,15plus,alc,f,26
bel,2019,15plus,smk,f,33
bel,2019,15plus,alc,m,140
bel,2019,15plus,smk,m,85
bel,2019,18plus,dia,a,21
bel,2019,18plus,dia,f,5
bel,2019,18plus,dia,m,18
bel,2019,all,hiv,a,42
bel,2019,all,und,a,53
blz,2019,15plus,alc,a,14
blz,2019,15plus,alc,f,1
blz,2019,15plus,alc,m,15
blz,2019,18plus,dia,a,6
blz,2019,18plus,dia,f,2
blz,2019,18plus,dia,m,3
blz,2019,all,hiv,a,19
blz,2019,all,und,a,14
ben,2019,15plus,alc,a,760
ben,2019,15plus,smk,a,190
ben,2019,15plus,alc,f,100
ben,2019,15plus,smk,f,7
ben,2019,15plus,alc,m,730
ben,2019,15plus,smk,m,220
ben,2019,18plus,dia,a,200
ben,2019,18plus,dia,f,74
ben,2019,18plus,dia,m,130
ben,2019,all,hiv,a,1100
ben,2019,all,und,a,1200
btn,2019,15plus,alc,a,55
btn,2019,15plus,alc,f,8
btn,2019,15plus,alc,m,41
btn,2019,18plus,dia,a,66
btn,2019,18plus,dia,f,33
btn,2019,18plus,dia,m,32
btn,2019,all,hiv,a,2
bol,2019,15plus,alc,a,1500
bol,2019,15plus,alc,f,330
bol,2019,15plus,alc,m,1300
bol,2019,18plus,dia,a,430
bol,2019,18plus,dia,f,180
bol,2019,18plus,dia,m,230
bol,2019,all,hiv,a,590
bol,2019,all,und,a,3300
bih,2019,15plus,alc,a,110
bih,2019,15plus,smk,a,160
bih,2019,15plus,alc,f,16
bih,2019,15plus,smk,f,49
bih,2019,15plus,alc,m,100
bih,2019,15plus,smk,m,110
bih,2019,18plus,dia,a,32
bih,2019,18plus,dia,f,11
bih,2019,18plus,dia,m,20
bih,2019,all,hiv,a,1
bih,2019,all,und,a,46
bwa,2019,15plus,alc,a,730
bwa,2019,15plus,smk,a,500
bwa,2019,15plus,alc,f,86
bwa,2019,15plus,smk,f,51
bwa,2019,15plus,alc,m,700
bwa,2019,15plus,smk,m,490
bwa,2019,18plus,dia,a,220
bwa,2019,18plus,dia,f,92
bwa,2019,18plus,dia,m,120
bwa,2019,all,hiv,a,2200
bwa,2019,all,und,a,2100
bra,2019,15plus,alc,a,8300
bra,2019,15plus,smk,a,6600
bra,2019,15plus,alc,f,1000
bra,2019,15plus,smk,f,1400
bra,2019,15plus,alc,m,8900
bra,2019,15plus,smk,m,5700
bra,2019,18plus,dia,a,3700
bra,2019,18plus,dia,f,1200
bra,2019,18plus,dia,m,2400
bra,2019,all,hiv,a,11000
bra,2019,all,und,a,5000
brn,2019,15plus,alc,a,13
brn,2019,15plus,smk,a,21
brn,2019,15plus,alc,f,1
brn,2019,15plus,smk,f,1
brn,2019,15plus,alc,m,12
brn,2019,15plus,smk,m,22
brn,2019,18plus,dia,a,12
brn,2019,18plus,dia,f,5
brn,2019,18plus,dia,m,7
brn,2019,all,hiv,a,4
brn,2019,all,und,a,18
bgr,2019,15plus,alc,a,190
bgr,2019,15plus,smk,a,240
bgr,2019,15plus,alc,f,19
bgr,2019,15plus,smk,f,75
bgr,2019,15plus,alc,m,190
bgr,2019,15plus,smk,m,160
bgr,2019,18plus,dia,a,50
bgr,2019,18plus,dia,f,15
bgr,2019,18plus,dia,m,34
bgr,2019,all,hiv,a,14
bgr,2019,all,und,a,100
bfa,2019,15plus,alc,a,340
bfa,2019,15plus,smk,a,560
bfa,2019,15plus,alc,f,21
bfa,2019,15plus,smk,f,31
bfa,2019,15plus,alc,m,410
bfa,2019,15plus,smk,m,630
bfa,2019,18plus,dia,a,260
bfa,2019,18plus,dia,f,82
bfa,2019,18plus,dia,m,200
bfa,2019,all,hiv,a,780
bfa,2019,all,und,a,2900
bdi,2019,15plus,alc,a,1500
bdi,2019,15plus,smk,a,560
bdi,2019,15plus,alc,f,210
bdi,2019,15plus,smk,f,50
bdi,2019,15plus,alc,m,1400
bdi,2019,15plus,smk,m,600
bdi,2019,18plus,dia,a,230
bdi,2019,18plus,dia,f,82
bdi,2019,18plus,dia,m,140
bdi,2019,all,hiv,a,980
cpv,2019,15plus,alc,a,31
cpv,2019,15plus,alc,f,2
cpv,2019,15plus,alc,m,35
cpv,2019,18plus,dia,a,10
cpv,2019,18plus,dia,f,2
cpv,2019,18plus,dia,m,7
cpv,2019,all,hiv,a,40
cpv,2019,all,und,a,55
khm,2019,15plus,alc,a,4600
khm,2019,15plus,smk,a,3800
khm,2019,15plus,alc,f,650
khm,2019,15plus,smk,f,180
khm,2019,15plus,alc,m,4600
khm,2019,15plus,smk,m,4200
khm,2019,18plus,dia,a,1500
khm,2019,18plus,dia,f,540
khm,2019,18plus,dia,m,980
khm,2019,all,hiv,a,1100
khm,2019,all,und,a,13000
cmr,2019,15plus,alc,a,5700
cmr,2019,15plus,smk,a,1700
cmr,2019,15plus,alc,f,800
cmr,2019,15plus,smk,f,27
cmr,2019,15plus,alc,m,5400
cmr,2019,15plus,smk,m,2000
cmr,2019,18plus,dia,a,1300
cmr,2019,18plus,dia,f,530
cmr,2019,18plus,dia,m,800
cmr,2019,all,hiv,a,12000
cmr,2019,all,und,a,8300
can,2019,15plus,alc,a,290
can,2019,15plus,smk,a,130
can,2019,15plus,alc,f,82
can,2019,15plus,smk,f,53
can,2019,15plus,alc,m,230
can,2019,15plus,smk,m,86
can,2019,18plus,dia,a,50
can,2019,18plus,dia,f,22
can,2019,18plus,dia,m,32
can,2019,all,hiv,a,92
can,2019,all,und,a,110
caf,2019,15plus,alc,a,1800
caf,2019,15plus,alc,f,180
caf,2019,15plus,alc,m,1800
caf,2019,18plus,dia,a,810
caf,2019,18plus,dia,f,310
caf,2019,18plus,dia,m,500
caf,2019,all,hiv,a,6200
caf,2019,all,und,a,15000
tcd,2019,15plus,alc,a,320
tcd,2019,15plus,smk,a,1000
tcd,2019,15plus,alc,f,0
tcd,2019,15plus,smk,f,45
tcd,2019,15plus,alc,m,390
tcd,2019,15plus,smk,m,1100
tcd,2019,18plus,dia,a,670
tcd,2019,18plus,dia,f,220
tcd,2019,18plus,dia,m,470
tcd,2019,all,hiv,a,4000
tcd,2019,all,und,a,10000
chl,2019,15plus,alc,a,410
chl,2019,15plus,smk,a,660
chl,2019,15plus,alc,f,49
chl,2019,15plus,smk,f,210
chl,2019,15plus,alc,m,400
chl,2019,15plus,smk,m,440
chl,2019,18plus,dia,a,170
chl,2019,18plus,dia,f,59
chl,2019,18plus,dia,m,100
chl,2019,all,hiv,a,370
chl,2019,all,und,a,190
chn,2019,15plus,alc,a,74000
chn,2019,15plus,smk,a,97000
chn,2019,15plus,alc,f,1200
chn,2019,15plus,smk,f,2500
chn,2019,15plus,alc,m,89000
chn,2019,15plus,smk,m,114000
chn,2019,18plus,dia,a,34000
chn,2019,18plus,dia,f,9100
chn,2019,18plus,dia,m,26000
chn,2019,all,hiv,a,13000
chn,2019,all,und,a,132000
hkg,2019,all,und,a,240
mac,2019,all,und,a,82
col,2019,15plus,alc,a,2400
col,2019,15plus,smk,a,730
col,2019,15plus,alc,f,500
col,2019,15plus,smk,f,130
col,2019,15plus,alc,m,2100
col,2019,15plus,smk,m,700
col,2019,18plus,dia,a,700
col,2019,18plus,dia,f,260
col,2019,18plus,dia,m,430
col,2019,all,hiv,a,2100
col,2019,all,und,a,1700
com,2019,15plus,alc,a,4
com,2019,15plus,smk,a,19
com,2019,15plus,alc,f,0
com,2019,15plus,smk,f,2
com,2019,15plus,alc,m,5
com,2019,15plus,smk,m,20
com,2019,18plus,dia,a,10
com,2019,18plus,dia,f,3
com,2019,18plus,dia,m,6
com,2019,all,hiv,a,1
cog,2019,15plus,alc,a,830
cog,2019,15plus,smk,a,1200
cog,2019,15plus,alc,f,82
cog,2019,15plus,smk,f,28
cog,2019,15plus,alc,m,860
cog,2019,15plus,smk,m,1300
cog,2019,18plus,dia,a,660
cog,2019,18plus,dia,f,260
cog,2019,18plus,dia,m,390
cog,2019,all,hiv,a,5600
cog,2019,all,und,a,9400
cok,2019,15plus,alc,a,0
cok,2019,15plus,smk,a,0
cok,2019,15plus,alc,f,0
cok,2019,15plus,smk,f,0
cok,2019,15plus,alc,m,0
cok,2019,15plus,smk,m,0
cok,2019,18plus,dia,a,0
cok,2019,18plus,dia,f,0
cok,2019,18plus,dia,m,0
cri,2019,15plus,alc,a,65
cri,2019,15plus,smk,a,25
cri,2019,15plus,alc,f,10
cri,2019,15plus,smk,f,3
cri,2019,15plus,alc,m,64
cri,2019,15plus,smk,m,25
cri,2019,18plus,dia,a,20
cri,2019,18plus,dia,f,5
cri,2019,18plus,dia,m,14
cri,2019,all,hiv,a,45
cri,2019,all,und,a,48
civ,2019,15plus,alc,a,6000
civ,2019,15plus,smk,a,2100
civ,2019,15plus,alc,f,1100
civ,2019,15plus,smk,f,62
civ,2019,15plus,alc,m,5200
civ,2019,15plus,smk,m,2300
civ,2019,18plus,dia,a,1100
civ,2019,18plus,dia,f,370
civ,2019,18plus,dia,m,690
civ,2019,all,hiv,a,5900
civ,2019,all,und,a,10000
hrv,2019,15plus,alc,a,37
hrv,2019,15plus,smk,a,53
hrv,2019,15plus,alc,f,5
hrv,2019,15plus,smk,f,18
hrv,2019,15plus,alc,m,36
hrv,2019,15plus,smk,m,34
hrv,2019,18plus,dia,a,11
hrv,2019,18plus,dia,f,3
hrv,2019,18plus,dia,m,8
hrv,2019,all,hiv,a,3
hrv,2019,all,und,a,17
cub,2019,15plus,alc,a,100
cub,2019,15plus,smk,a,99
cub,2019,15plus,alc,f,14
cub,2019,15plus,smk,f,14
cub,2019,15plus,alc,m,100
cub,2019,15plus,smk,m,100
cub,2019,18plus,dia,a,30
cub,2019,18plus,dia,f,8
cub,2019,18plus,dia,m,19
cub,2019,all,hiv,a,78
cub,2019,all,und,a,38
cyp,2019,15plus,alc,a,8
cyp,2019,15plus,smk,a,10
cyp,2019,15plus,alc,f,2
cyp,2019,15plus,smk,f,3
cyp,2019,15plus,alc,m,5
cyp,2019,15plus,smk,m,6
cyp,2019,18plus,dia,a,2
cyp,2019,18plus,dia,f,0
cyp,2019,18plus,dia,m,1
cyp,2019,all,hiv,a,3
cyp,2019,all,und,a,6
cze,2019,15plus,alc,a,65
cze,2019,15plus,smk,a,80
cze,2019,15plus,alc,f,5
cze,2019,15plus,smk,f,18
cze,2019,15plus,alc,m,77
cze,2019,15plus,smk,m,65
cze,2019,18plus,dia,a,19
cze,2019,18plus,dia,f,4
cze,2019,18plus,dia,m,15
cze,2019,all,hiv,a,4
cze,2019,all,und,a,27
prk,2019,15plus,alc,a,9000
prk,2019,15plus,smk,a,11000
prk,2019,15plus,alc,f,960
prk,2019,15plus,smk,f,0
prk,2019,15plus,alc,m,9800
prk,2019,15plus,smk,m,13000
prk,2019,18plus,dia,a,3400
prk,2019,18plus,dia,f,1200
prk,2019,18plus,dia,m,2200
prk,2019,all,hiv,a,1100
prk,2019,all,und,a,68000
cod,2019,15plus,alc,a,25000
cod,2019,15plus,alc,f,2300
cod,2019,15plus,alc,m,24000
cod,2019,18plus,dia,a,7200
cod,2019,18plus,dia,f,2900
cod,2019,18plus,dia,m,4200
cod,2019,all,hiv,a,29000
dnk,2019,15plus,alc,a,42
dnk,2019,15plus,smk,a,27
dnk,2019,15plus,alc,f,8
dnk,2019,15plus,smk,f,9
dnk,2019,15plus,alc,m,33
dnk,2019,15plus,smk,m,15
dnk,2019,18plus,dia,a,6
dnk,2019,18plus,dia,f,1
dnk,2019,18plus,dia,m,4
dnk,2019,all,hiv,a,7
dnk,2019,all,und,a,15
dji,2019,15plus,alc,a,37
dji,2019,15plus,alc,f,3
dji,2019,15plus,alc,m,40
dji,2019,18plus,dia,a,80
dji,2019,18plus,dia,f,28
dji,2019,18plus,dia,m,52
dji,2019,all,hiv,a,62
dji,2019,all,und,a,670
dma,2019,15plus,alc,a,1
dma,2019,15plus,alc,f,0
dma,2019,15plus,alc,m,1
dma,2019,18plus,dia,a,0
dma,2019,18plus,dia,f,0
dma,2019,18plus,dia,m,0
dma,2019,all,und,a,1
dom,2019,15plus,alc,a,580
dom,2019,15plus,smk,a,210
dom,2019,15plus,alc,f,120
dom,2019,15plus,smk,f,61
dom,2019,15plus,alc,m,510
dom,2019,15plus,smk,m,160
dom,2019,18plus,dia,a,200
dom,2019,18plus,dia,f,81
dom,2019,18plus,dia,m,110
dom,2019,all,hiv,a,1100
dom,2019,all,und,a,770
ecu,2019,15plus,alc,a,1000
ecu,2019,15plus,alc,f,180
ecu,2019,15plus,alc,m,950
ecu,2019,18plus,dia,a,290
ecu,2019,18plus,dia,f,92
ecu,2019,18plus,dia,m,190
ecu,2019,all,hiv,a,1100
ecu,2019,all,und,a,1200
egy,2019,15plus,alc,a,330
egy,2019,15plus,smk,a,1100
egy,2019,15plus,alc,f,20
egy,2019,15plus,smk,f,9
egy,2019,15plus,alc,m,380
egy,2019,15plus,smk,m,1200
egy,2019,18plus,dia,a,870
egy,2019,18plus,dia,f,380
egy,2019,18plus,dia,m,490
egy,2019,all,hiv,a,120
egy,2019,all,und,a,1000
slv,2019,15plus,alc,a,430
slv,2019,15plus,smk,a,190
slv,2019,15plus,alc,f,59
slv,2019,15plus,smk,f,9
slv,2019,15plus,alc,m,460
slv,2019,15plus,smk,m,250
slv,2019,18plus,dia,a,160
slv,2019,18plus,dia,f,39
slv,2019,18plus,dia,m,120
slv,2019,all,hiv,a,230
slv,2019,all,und,a,620
gnq,2019,15plus,alc,a,300
gnq,2019,15plus,alc,f,41
gnq,2019,15plus,alc,m,260
gnq,2019,18plus,dia,a,99
gnq,2019,18plus,dia,f,40
gnq,2019,18plus,dia,m,57
gnq,2019,all,hiv,a,560
eri,2019,15plus,alc,a,130
eri,2019,15plus,smk,a,80
eri,2019,15plus,alc,f,11
eri,2019,15plus,smk,f,1
eri,2019,15plus,alc,m,120
eri,2019,15plus,smk,m,80
eri,2019,18plus,dia,a,69
eri,2019,18plus,dia,f,29
eri,2019,18plus,dia,m,39
eri,2019,all,hiv,a,120
est,2019,15plus,alc,a,36
est,2019,15plus,smk,a,24
est,2019,15plus,alc,f,4
est,2019,15plus,smk,f,6
est,2019,15plus,alc,m,37
est,2019,15plus,smk,m,19
est,2019,18plus,dia,a,5
est,2019,18plus,dia,f,1
est,2019,18plus,dia,m,4
est,2019,all,hiv,a,18
est,2019,all,und,a,10
swz,2019,15plus,alc,a,530
swz,2019,15plus,smk,a,180
swz,2019,15plus,alc,f,84
swz,2019,15plus,smk,f,12
swz,2019,15plus,alc,m,470
swz,2019,15plus,smk,m,190
swz,2019,18plus,dia,a,170
swz,2019,18plus,dia,f,84
swz,2019,18plus,dia,m,83
swz,2019,all,hiv,a,2100
swz,2019,all,und,a,1300
eth,2019,15plus,alc,a,7600
eth,2019,15plus,smk,a,2600
eth,2019,15plus,alc,f,720
eth,2019,15plus,smk,f,250
eth,2019,15plus,alc,m,7200
eth,2019,15plus,smk,m,2600
eth,2019,18plus,dia,a,3600
eth,2019,18plus,dia,f,1500
eth,2019,18plus,dia,m,2100
eth,2019,all,hiv,a,9600
eth,2019,all,und,a,49000
fji,2019,15plus,alc,a,47
fji,2019,15plus,smk,a,55
fji,2019,15plus,alc,f,7
fji,2019,15plus,smk,f,10
fji,2019,15plus,alc,m,41
fji,2019,15plus,smk,m,46
fji,2019,18plus,dia,a,34
fji,2019,18plus,dia,f,16
fji,2019,18plus,dia,m,18
fji,2019,all,hiv,a,40
fji,2019,all,und,a,44
fin,2019,15plus,alc,a,40
fin,2019,15plus,smk,a,23
fin,2019,15plus,alc,f,7
fin,2019,15plus,smk,f,8
fin,2019,15plus,alc,m,39
fin,2019,15plus,smk,m,16
fin,2019,18plus,dia,a,5
fin,2019,18plus,dia,f,1
fin,2019,18plus,dia,m,4
fin,2019,all,hiv,a,4
fin,2019,all,und,a,13
fra,2019,15plus,alc,a,740
fra,2019,15plus,smk,a,860
fra,2019,15plus,alc,f,130
fra,2019,15plus,smk,f,300
fra,2019,15plus,alc,m,720
fra,2019,15plus,smk,m,590
fra,2019,18plus,dia,a,150
fra,2019,18plus,dia,f,41
fra,2019,18plus,dia,m,130
fra,2019,all,hiv,a,390
fra,2019,all,und,a,290
pyf,2019,all,und,a,4
gab,2019,15plus,alc,a,1400
gab,2019,15plus,alc,f,170
gab,2019,15plus,alc,m,1300
gab,2019,18plus,dia,a,470
gab,2019,18plus,dia,f,180
gab,2019,18plus,dia,m,290
gab,2019,all,hiv,a,3500
gab,2019,all,und,a,2100
gmb,2019,15plus,alc,a,74
gmb,2019,15plus,smk,a,260
gmb,2019,15plus,alc,f,1
gmb,2019,15plus,smk,f,3
gmb,2019,15plus,alc,m,100
gmb,2019,15plus,smk,m,350
gmb,2019,18plus,dia,a,140
gmb,2019,18plus,dia,f,32
gmb,2019,18plus,dia,m,110
gmb,2019,all,hiv,a,640
gmb,2019,all,und,a,680
geo,2019,15plus,alc,a,270
geo,2019,15plus,smk,a,400
geo,2019,15plus,alc,f,20
geo,2019,15plus,smk,f,26
geo,2019,15plus,alc,m,310
geo,2019,15plus,smk,m,430
geo,2019,18plus,dia,a,170
geo,2019,18plus,dia,f,52
geo,2019,18plus,dia,m,120
geo,2019,all,hiv,a,50
geo,2019,all,und,a,440
deu,2019,15plus,alc,a,680
deu,2019,15plus,smk,a,680
deu,2019,15plus,alc,f,160
deu,2019,15plus,smk,f,230
deu,2019,15plus,alc,m,580
deu,2019,15plus,smk,m,450
deu,2019,18plus,dia,a,120
deu,2019,18plus,dia,f,35
deu,2019,18plus,dia,m,92
deu,2019,all,hiv,a,130
deu,2019,all,und,a,250
gha,2019,15plus,alc,a,3300
gha,2019,15plus,smk,a,730
gha,2019,15plus,alc,f,350
gha,2019,15plus,smk,f,26
gha,2019,15plus,alc,m,3200
gha,2019,15plus,smk,m,820
gha,2019,18plus,dia,a,1200
gha,2019,18plus,dia,f,490
gha,2019,18plus,dia,m,680
gha,2019,all,hiv,a,9300
gha,2019,all,und,a,4700
grc,2019,15plus,alc,a,55
grc,2019,15plus,smk,a,79
grc,2019,15plus,alc,f,5
grc,2019,15plus,smk,f,14
grc,2019,15plus,alc,m,62
grc,2019,15plus,smk,m,69
grc,2019,18plus,dia,a,14
grc,2019,18plus,dia,f,2
grc,2019,18plus,dia,m,12
grc,2019,all,hiv,a,15
grc,2019,all,und,a,23
grd,2019,15plus,alc,a,0
grd,2019,15plus,alc,f,0
grd,2019,15plus,alc,m,0
grd,2019,18plus,dia,a,0
grd,2019,18plus,dia,f,0
grd,2019,18plus,dia,m,0
gtm,2019,15plus,alc,a,500
gtm,2019,15plus,alc,f,130
gtm,2019,15plus,alc,m,420
gtm,2019,18plus,dia,a,180
gtm,2019,18plus,dia,f,79
gtm,2019,18plus,dia,m,99
gtm,2019,all,hiv,a,550
gtm,2019,all,und,a,1200
gin,2019,15plus,alc,a,320
gin,2019,15plus,alc,f,0
gin,2019,15plus,alc,m,390
gin,2019,18plus,dia,a,630
gin,2019,18plus,dia,f,230
gin,2019,18plus,dia,m,410
gin,2019,all,hiv,a,5200
gin,2019,all,und,a,6000
gnb,2019,15plus,alc,a,140
gnb,2019,15plus,alc,f,5
gnb,2019,15plus,alc,m,170
gnb,2019,18plus,dia,a,200
gnb,2019,18plus,dia,f,73
gnb,2019,18plus,dia,m,130
gnb,2019,all,hiv,a,2100
gnb,2019,all,und,a,2600
guy,2019,15plus,alc,a,85
guy,2019,15plus,smk,a,38
guy,2019,15plus,alc,f,13
guy,2019,15plus,smk,f,2
guy,2019,15plus,alc,m,83
guy,2019,15plus,smk,m,47
guy,2019,18plus,dia,a,31
guy,2019,18plus,dia,f,9
guy,2019,18plus,dia,m,18
guy,2019,all,hiv,a,110
guy,2019,all,und,a,93
hti,2019,15plus,alc,a,2300
hti,2019,15plus,smk,a,750
hti,2019,15plus,alc,f,610
hti,2019,15plus,smk,f,140
hti,2019,15plus,alc,m,1800
hti,2019,15plus,smk,m,660
hti,2019,18plus,dia,a,700
hti,2019,18plus,dia,f,310
hti,2019,18plus,dia,m,380
hti,2019,all,hiv,a,2800
hti,2019,all,und,a,10000
hnd,2019,15plus,alc,a,380
hnd,2019,15plus,alc,f,88
hnd,2019,15plus,alc,m,320
hnd,2019,18plus,dia,a,130
hnd,2019,18plus,dia,f,52
hnd,2019,18plus,dia,m,72
hnd,2019,all,hiv,a,170
hnd,2019,all,und,a,670
hun,2019,15plus,alc,a,190
hun,2019,15plus,smk,a,84
hun,2019,15plus,alc,f,31
hun,2019,15plus,smk,f,28
hun,2019,15plus,alc,m,170
hun,2019,15plus,smk,m,62
hun,2019,18plus,dia,a,21
hun,2019,18plus,dia,f,7
hun,2019,18plus,dia,m,16
hun,2019,all,hiv,a,6
hun,2019,all,und,a,31
isl,2019,15plus,alc,a,1
isl,2019,15plus,smk,a,1
isl,2019,15plus,alc,f,0
isl,2019,15plus,smk,f,0
isl,2019,15plus,alc,m,1
isl,2019,15plus,smk,m,0
isl,2019,18plus,dia,a,0
isl,2019,18plus,dia,f,0
isl,2019,18plus,dia,m,0
isl,2019,all,hiv,a,0
isl,2019,all,und,a,0
ind,2019,15plus,alc,a,233000
ind,2019,15plus,smk,a,143000
ind,2019,15plus,alc,f,9800
ind,2019,15plus,smk,f,6700
ind,2019,15plus,alc,m,250000
ind,2019,15plus,smk,m,160000
ind,2019,18plus,dia,a,95000
ind,2019,18plus,dia,f,34000
ind,2019,18plus,dia,m,63000
ind,2019,all,hiv,a,71000
ind,2019,all,und,a,639000
idn,2019,15plus,alc,a,13000
idn,2019,15plus,smk,a,104000
idn,2019,15plus,alc,f,2000
idn,2019,15plus,smk,f,3100
idn,2019,15plus,alc,m,13000
idn,2019,15plus,smk,m,101000
idn,2019,18plus,dia,a,26000
idn,2019,18plus,dia,f,11000
idn,2019,18plus,dia,m,14000
idn,2019,all,hiv,a,17000
idn,2019,all,und,a,131000
irn,2019,15plus,alc,a,230
irn,2019,15plus,smk,a,560
irn,2019,15plus,alc,f,10
irn,2019,15plus,smk,f,36
irn,2019,15plus,alc,m,210
irn,2019,15plus,smk,m,530
irn,2019,18plus,dia,a,570
irn,2019,18plus,dia,f,280
irn,2019,18plus,dia,m,290
irn,2019,all,hiv,a,400
irn,2019,all,und,a,1000
irq,2019,15plus,alc,a,130
irq,2019,15plus,smk,a,1300
irq,2019,15plus,alc,f,15
irq,2019,15plus,smk,f,86
irq,2019,15plus,alc,m,130
irq,2019,15plus,smk,m,1300
irq,2019,18plus,dia,a,1100
irq,2019,18plus,dia,f,520
irq,2019,18plus,dia,m,610
irq,2019,all,und,a,6300
irl,2019,15plus,alc,a,43
irl,2019,15plus,smk,a,31
irl,2019,15plus,alc,f,10
irl,2019,15plus,smk,f,12
irl,2019,15plus,alc,m,38
irl,2019,15plus,smk,m,21
irl,2019,18plus,dia,a,8
irl,2019,18plus,dia,f,2
irl,2019,18plus,dia,m,5
irl,2019,all,hiv,a,10
irl,2019,all,und,a,14
isr,2019,15plus,alc,a,29
isr,2019,15plus,smk,a,30
isr,2019,15plus,alc,f,4
isr,2019,15plus,smk,f,7
isr,2019,15plus,alc,m,27
isr,2019,15plus,smk,m,24
isr,2019,18plus,dia,a,7
isr,2019,18plus,dia,f,2
isr,2019,18plus,dia,m,5
isr,2019,all,hiv,a,9
isr,2019,all,und,a,13
ita,2019,15plus,alc,a,120
ita,2019,15plus,smk,a,490
ita,2019,15plus,alc,f,30
ita,2019,15plus,smk,f,130
ita,2019,15plus,alc,m,110
ita,2019,15plus,smk,m,370
ita,2019,18plus,dia,a,120
ita,2019,18plus,dia,f,30
ita,2019,18plus,dia,m,95
ita,2019,all,hiv,a,240
ita,2019,all,und,a,220
jam,2019,15plus,alc,a,7
jam,2019,15plus,smk,a,3
jam,2019,15plus,alc,f,1
jam,2019,15plus,smk,f,0
jam,2019,15plus,alc,m,7
jam,2019,15plus,smk,m,3
jam,2019,18plus,dia,a,3
jam,2019,18plus,dia,f,1
jam,2019,18plus,dia,m,1
jam,2019,all,hiv,a,12
jam,2019,all,und,a,14
jpn,2019,15plus,alc,a,1200
jpn,2019,15plus,smk,a,1800
jpn,2019,15plus,alc,f,220
jpn,2019,15plus,smk,f,380
jpn,2019,15plus,alc,m,1100
jpn,2019,15plus,smk,m,1500
jpn,2019,18plus,dia,a,540
jpn,2019,18plus,dia,f,170
jpn,2019,18plus,dia,m,390
jpn,2019,all,hiv,a,100
jpn,2019,all,und,a,870
jor,2019,15plus,alc,a,4
jor,2019,15plus,alc,f,0
jor,2019,15plus,alc,m,2
jor,2019,18plus,dia,a,41
jor,2019,18plus,dia,f,28
jor,2019,18plus,dia,m,10
jor,2019,all,hiv,a,0
jor,2019,all,und,a,120
kaz,2019,15plus,alc,a,1500
kaz,2019,15plus,smk,a,1500
kaz,2019,15plus,alc,f,230
kaz,2019,15plus,smk,f,170
kaz,2019,15plus,alc,m,1400
kaz,2019,15plus,smk,m,1400
kaz,2019,18plus,dia,a,690
kaz,2019,18plus,dia,f,260
kaz,2019,18plus,dia,m,430
kaz,2019,all,hiv,a,690
kaz,2019,all,und,a,660
ken,2019,15plus,alc,a,10000
ken,2019,15plus,smk,a,6700
ken,2019,15plus,alc,f,790
ken,2019,15plus,smk,f,220
ken,2019,15plus,alc,m,12000
ken,2019,15plus,smk,m,8200
ken,2019,18plus,dia,a,3600
ken,2019,18plus,dia,f,1200
ken,2019,18plus,dia,m,2300
ken,2019,all,hiv,a,34000
ken,2019,all,und,a,55000
kir,2019,15plus,alc,a,45
kir,2019,15plus,smk,a,93
kir,2019,15plus,alc,f,8
kir,2019,15plus,smk,f,34
kir,2019,15plus,alc,m,34
kir,2019,15plus,smk,m,55
kir,2019,18plus,dia,a,41
kir,2019,18plus,dia,f,21
kir,2019,18plus,dia,m,20
kir,2019,all,und,a,28
kwt,2019,15plus,alc,a,8
kwt,2019,15plus,smk,a,86
kwt,2019,15plus,alc,f,0
kwt,2019,15plus,smk,f,3
kwt,2019,15plus,alc,m,8
kwt,2019,15plus,smk,m,100
kwt,2019,18plus,dia,a,78
kwt,2019,18plus,dia,f,24
kwt,2019,18plus,dia,m,55
kwt,2019,all,hiv,a,3
kwt,2019,all,und,a,52
kgz,2019,15plus,alc,a,800
kgz,2019,15plus,smk,a,860
kgz,2019,15plus,alc,f,130
kgz,2019,15plus,smk,f,53
kgz,2019,15plus,alc,m,720
kgz,2019,15plus,smk,m,830
kgz,2019,18plus,dia,a,330
kgz,2019,18plus,dia,f,140
kgz,2019,18plus,dia,m,180
kgz,2019,all,hiv,a,150
kgz,2019,all,und,a,950
lao,2019,15plus,alc,a,1100
lao,2019,15plus,smk,a,1300
lao,2019,15plus,alc,f,140
lao,2019,15plus,smk,f,120
lao,2019,15plus,alc,m,1100
lao,2019,15plus,smk,m,1400
lao,2019,18plus,dia,a,370
lao,2019,18plus,dia,f,120
lao,2019,18plus,dia,m,250
lao,2019,all,hiv,a,610
lao,2019,all,und,a,3000
lva,2019,15plus,alc,a,120
lva,2019,15plus,smk,a,80
lva,2019,15plus,alc,f,13
lva,2019,15plus,smk,f,16
lva,2019,15plus,alc,m,130
lva,2019,15plus,smk,m,73
lva,2019,18plus,dia,a,16
lva,2019,18plus,dia,f,4
lva,2019,18plus,dia,m,12
lva,2019,all,hiv,a,34
lva,2019,all,und,a,25
lbn,2019,15plus,alc,a,140
lbn,2019,15plus,smk,a,130
lbn,2019,15plus,alc,f,18
lbn,2019,15plus,smk,f,67
lbn,2019,15plus,alc,m,80
lbn,2019,15plus,smk,m,55
lbn,2019,18plus,dia,a,50
lbn,2019,18plus,dia,f,29
lbn,2019,18plus,dia,m,20
lbn,2019,all,hiv,a,7
lbn,2019,all,und,a,170
lso,2019,15plus,alc,a,1400
lso,2019,15plus,smk,a,1800
lso,2019,15plus,alc,f,120
lso,2019,15plus,smk,f,7
lso,2019,15plus,alc,m,1600
lso,2019,15plus,smk,m,2200
lso,2019,18plus,dia,a,540
lso,2019,18plus,dia,f,190
lso,2019,18plus,dia,m,310
lso,2019,all,hiv,a,7500
lso,2019,all,und,a,3100
lbr,2019,15plus,alc,a,1400
lbr,2019,15plus,smk,a,500
lbr,2019,15plus,alc,f,150
lbr,2019,15plus,smk,f,28
lbr,2019,15plus,alc,m,1300
lbr,2019,15plus,smk,m,540
lbr,2019,18plus,dia,a,470
lbr,2019,18plus,dia,f,180
lbr,2019,18plus,dia,m,290
lbr,2019,all,hiv,a,2100
lbr,2019,all,und,a,6900
lby,2019,15plus,alc,a,25
lby,2019,15plus,alc,f,3
lby,2019,15plus,alc,m,26
lby,2019,18plus,dia,a,270
lby,2019,18plus,dia,f,100
lby,2019,18plus,dia,m,160
lby,2019,all,hiv,a,43
ltu,2019,15plus,alc,a,220
ltu,2019,15plus,smk,a,150
ltu,2019,15plus,alc,f,24
ltu,2019,15plus,smk,f,30
ltu,2019,15plus,alc,m,250
ltu,2019,15plus,smk,m,130
ltu,2019,18plus,dia,a,42
ltu,2019,18plus,dia,f,10
ltu,2019,18plus,dia,m,34
ltu,2019,all,hiv,a,28
ltu,2019,all,und,a,60
lux,2019,15plus,alc,a,7
lux,2019,15plus,smk,a,6
lux,2019,15plus,alc,f,0
lux,2019,15plus,smk,f,1
lux,2019,15plus,alc,m,8
lux,2019,15plus,smk,m,5
lux,2019,18plus,dia,a,1
lux,2019,18plus,dia,f,0
lux,2019,18plus,dia,m,1
lux,2019,all,hiv,a,0
lux,2019,all,und,a,2
mdg,2019,15plus,alc,a,3100
mdg,2019,15plus,smk,a,5700
mdg,2019,15plus,alc,f,250
mdg,2019,15plus,smk,f,210
mdg,2019,15plus,alc,m,3300
mdg,2019,15plus,smk,m,6000
mdg,2019,18plus,dia,a,1500
mdg,2019,18plus,dia,f,510
mdg,2019,18plus,dia,m,1000
mdg,2019,all,hiv,a,730
mdg,2019,all,und,a,31000
mwi,2019,15plus,alc,a,1700
mwi,2019,15plus,smk,a,1400
mwi,2019,15plus,alc,f,150
mwi,2019,15plus,smk,f,200
mwi,2019,15plus,alc,m,1700
mwi,2019,15plus,smk,m,1300
mwi,2019,18plus,dia,a,710
mwi,2019,18plus,dia,f,280
mwi,2019,18plus,dia,m,440
mwi,2019,all,hiv,a,12000
mwi,2019,all,und,a,7600
mys,2019,15plus,alc,a,1900
mys,2019,15plus,smk,a,3100
mys,2019,15plus,alc,f,230
mys,2019,15plus,smk,f,56
mys,2019,15plus,alc,m,1900
mys,2019,15plus,smk,m,3500
mys,2019,18plus,dia,a,1500
mys,2019,18plus,dia,f,500
mys,2019,18plus,dia,m,980
mys,2019,all,hiv,a,1700
mys,2019,all,und,a,1500
mdv,2019,15plus,alc,a,9
mdv,2019,15plus,alc,f,0
mdv,2019,15plus,alc,m,11
mdv,2019,18plus,dia,a,9
mdv,2019,18plus,dia,f,2
mdv,2019,18plus,dia,m,7
mdv,2019,all,hiv,a,0
mdv,2019,all,und,a,35
mli,2019,15plus,alc,a,170
mli,2019,15plus,smk,a,590
mli,2019,15plus,alc,f,0
mli,2019,15plus,smk,f,33
mli,2019,15plus,alc,m,200
mli,2019,15plus,smk,m,650
mli,2019,18plus,dia,a,330
mli,2019,18plus,dia,f,110
mli,2019,18plus,dia,m,230
mli,2019,all,hiv,a,980
mli,2019,all,und,a,1300
mlt,2019,15plus,alc,a,4
mlt,2019,15plus,smk,a,7
mlt,2019,15plus,alc,f,0
mlt,2019,15plus,smk,f,1
mlt,2019,15plus,alc,m,5
mlt,2019,15plus,smk,m,6
mlt,2019,18plus,dia,a,2
mlt,2019,18plus,dia,f,0
mlt,2019,18plus,dia,m,1
mlt,2019,all,hiv,a,2
mlt,2019,all,und,a,3
mhl,2019,18plus,dia,a,14
mhl,2019,18plus,dia,f,6
mhl,2019,18plus,dia,m,8
mrt,2019,15plus,alc,a,33
mrt,2019,15plus,alc,f,3
mrt,2019,15plus,alc,m,36
mrt,2019,18plus,dia,a,160
mrt,2019,18plus,dia,f,59
mrt,2019,18plus,dia,m,92
mrt,2019,all,hiv,a,110
mrt,2019,all,und,a,750
mus,2019,15plus,alc,a,16
mus,2019,15plus,smk,a,15
mus,2019,15plus,alc,f,1
mus,2019,15plus,smk,f,0
mus,2019,15plus,alc,m,16
mus,2019,15plus,smk,m,16
mus,2019,18plus,dia,a,8
mus,2019,18plus,dia,f,2
mus,2019,18plus,dia,m,5
mus,2019,all,hiv,a,37
mus,2019,all,und,a,18
mex,2019,15plus,alc,a,1400
mex,2019,15plus,smk,a,2000
mex,2019,15plus,alc,f,99
mex,2019,15plus,smk,f,380
mex,2019,15plus,alc,m,1600
mex,2019,15plus,smk,m,1900
mex,2019,18plus,dia,a,1500
mex,2019,18plus,dia,f,580
mex,2019,18plus,dia,m,910
mex,2019,all,hiv,a,3500
mex,2019,all,und,a,2200
fsm,2019,15plus,alc,a,9
fsm,2019,15plus,alc,f,1
fsm,2019,15plus,alc,m,7
fsm,2019,18plus,dia,a,8
fsm,2019,18plus,dia,f,4
fsm,2019,18plus,dia,m,4
mng,2019,15plus,alc,a,1800
mng,2019,15plus,smk,a,1500
mng,2019,15plus,alc,f,170
mng,2019,15plus,smk,f,88
mng,2019,15plus,alc,m,2000
mng,2019,15plus,smk,m,1700
mng,2019,18plus,dia,a,650
mng,2019,18plus,dia,f,170
mng,2019,18plus,dia,m,500
mng,2019,all,hiv,a,15
mng,2019,all,und,a,3100
mne,2019,15plus,alc,a,11
mne,2019,15plus,alc,f,1
mne,2019,15plus,alc,m,11
mne,2019,18plus,dia,a,3
mne,2019,18plus,dia,f,0
mne,2019,18plus,dia,m,2
mne,2019,all,hiv,a,0
mne,2019,all,und,a,4
mar,2019,15plus,alc,a,300
mar,2019,15plus,smk,a,2400
mar,2019,15plus,alc,f,29
mar,2019,15plus,smk,f,65
mar,2019,15plus,alc,m,370
mar,2019,15plus,smk,m,2600
mar,2019,18plus,dia,a,2100
mar,2019,18plus,dia,f,800
mar,2019,18plus,dia,m,1300
mar,2019,all,hiv,a,430
mar,2019,all,und,a,2500
moz,2019,15plus,alc,a,5200
moz,2019,15plus,smk,a,6000
moz,2019,15plus,alc,f,380
moz,2019,15plus,smk,f,580
moz,2019,15plus,alc,m,6100
moz,2019,15plus,smk,m,6600
moz,2019,18plus,dia,a,2300
moz,2019,18plus,dia,f,720
moz,2019,18plus,dia,m,1600
moz,2019,all,hiv,a,32000
moz,2019,all,und,a,42000
mmr,2019,15plus,alc,a,5700
mmr,2019,15plus,smk,a,14000
mmr,2019,15plus,alc,f,660
mmr,2019,15plus,smk,f,1200
mmr,2019,15plus,alc,m,6100
mmr,2019,15plus,smk,m,15000
mmr,2019,18plus,dia,a,4800
mmr,2019,18plus,dia,f,1800
mmr,2019,18plus,dia,m,2900
mmr,2019,all,hiv,a,13000
mmr,2019,all,und,a,33000
nam,2019,15plus,alc,a,1400
nam,2019,15plus,smk,a,1100
nam,2019,15plus,alc,f,180
nam,2019,15plus,smk,f,170
nam,2019,15plus,alc,m,1400
nam,2019,15plus,smk,m,1100
nam,2019,18plus,dia,a,380
nam,2019,18plus,dia,f,140
nam,2019,18plus,dia,m,240
nam,2019,all,hiv,a,3200
nam,2019,all,und,a,4500
nru,2019,15plus,alc,a,2
nru,2019,15plus,smk,a,3
nru,2019,15plus,alc,f,0
nru,2019,15plus,smk,f,1
nru,2019,15plus,alc,m,1
nru,2019,15plus,smk,m,2
nru,2019,18plus,dia,a,2
nru,2019,18plus,dia,f,1
nru,2019,18plus,dia,m,1
npl,2019,15plus,alc,a,2500
npl,2019,15plus,smk,a,6500
npl,2019,15plus,alc,f,290
npl,2019,15plus,smk,f,920
npl,2019,15plus,alc,m,2800
npl,2019,15plus,smk,m,6500
npl,2019,18plus,dia,a,3200
npl,2019,18plus,dia,f,940
npl,2019,18plus,dia,m,2300
npl,2019,all,hiv,a,450
npl,2019,all,und,a,11000
nld,2019,15plus,alc,a,29
nld,2019,15plus,smk,a,99
nld,2019,15plus,alc,f,7
nld,2019,15plus,smk,f,38
nld,2019,15plus,alc,m,22
nld,2019,15plus,smk,m,62
nld,2019,18plus,dia,a,18
nld,2019,18plus,dia,f,6
nld,2019,18plus,dia,m,12
nld,2019,all,hiv,a,28
nld,2019,all,und,a,44
ncl,2019,all,und,a,3
nzl,2019,15plus,alc,a,29
nzl,2019,15plus,smk,a,26
nzl,2019,15plus,alc,f,8
nzl,2019,15plus,smk,f,11
nzl,2019,15plus,alc,m,21
nzl,2019,15plus,smk,m,15
nzl,2019,18plus,dia,a,11
nzl,2019,18plus,dia,f,4
nzl,2019,18plus,dia,m,7
nzl,2019,all,hiv,a,2
nzl,2019,all,und,a,18
nic,2019,15plus,alc,a,330
nic,2019,15plus,alc,f,78
nic,2019,15plus,alc,m,280
nic,2019,18plus,dia,a,120
nic,2019,18plus,dia,f,51
nic,2019,18plus,dia,m,67
nic,2019,all,hiv,a,160
nic,2019,all,und,a,760
ner,2019,15plus,alc,a,280
ner,2019,15plus,smk,a,690
ner,2019,15plus,alc,f,0
ner,2019,15plus,smk,f,3
ner,2019,15plus,alc,m,360
ner,2019,15plus,smk,m,850
ner,2019,18plus,dia,a,480
ner,2019,18plus,dia,f,160
ner,2019,18plus,dia,m,330
ner,2019,all,hiv,a,710
ner,2019,all,und,a,5200
nga,2019,15plus,alc,a,4900
nga,2019,15plus,smk,a,8100
nga,2019,15plus,alc,f,270
nga,2019,15plus,smk,f,200
nga,2019,15plus,alc,m,6000
nga,2019,15plus,smk,m,10000
nga,2019,18plus,dia,a,11000
nga,2019,18plus,dia,f,3400
nga,2019,18plus,dia,m,7300
nga,2019,all,hiv,a,45000
nga,2019,all,und,a,100000
niu,2019,15plus,alc,a,0
niu,2019,15plus,alc,f,0
niu,2019,15plus,alc,m,0
niu,2019,18plus,dia,a,0
niu,2019,18plus,dia,f,0
niu,2019,18plus,dia,m,0
mkd,2019,15plus,alc,a,27
mkd,2019,15plus,alc,f,3
mkd,2019,15plus,alc,m,28
mkd,2019,18plus,dia,a,7
mkd,2019,18plus,dia,f,2
mkd,2019,18plus,dia,m,5
mkd,2019,all,hiv,a,2
mkd,2019,all,und,a,16
nor,2019,15plus,alc,a,25
nor,2019,15plus,smk,a,16
nor,2019,15plus,alc,f,5
nor,2019,15plus,smk,f,5
nor,2019,15plus,alc,m,17
nor,2019,15plus,smk,m,8
nor,2019,18plus,dia,a,4
nor,2019,18plus,dia,f,1
nor,2019,18plus,dia,m,2
nor,2019,all,hiv,a,8
nor,2019,all,und,a,9
omn,2019,15plus,alc,a,3
omn,2019,15plus,smk,a,17
omn,2019,15plus,alc,f,0
omn,2019,15plus,smk,f,0
omn,2019,15plus,alc,m,3
omn,2019,15plus,smk,m,21
omn,2019,18plus,dia,a,26
omn,2019,18plus,dia,f,7
omn,2019,18plus,dia,m,17
omn,2019,all,hiv,a,11
omn,2019,all,und,a,55
pak,2019,15plus,alc,a,4600
pak,2019,15plus,smk,a,50000
pak,2019,15plus,alc,f,480
pak,2019,15plus,smk,f,3400
pak,2019,15plus,alc,m,4000
pak,2019,15plus,smk,m,49000
pak,2019,18plus,dia,a,29000
pak,2019,18plus,dia,f,12000
pak,2019,18plus,dia,m,17000
pak,2019,all,hiv,a,4800
pak,2019,all,und,a,176000
plw,2019,15plus,alc,a,0
plw,2019,15plus,smk,a,0
plw,2019,15plus,alc,f,0
plw,2019,15plus,smk,f,0
plw,2019,15plus,alc,m,0
plw,2019,15plus,smk,m,0
plw,2019,18plus,dia,a,0
plw,2019,18plus,dia,f,0
plw,2019,18plus,dia,m,0
pan,2019,15plus,alc,a,200
pan,2019,15plus,smk,a,45
pan,2019,15plus,alc,f,39
pan,2019,15plus,smk,f,5
pan,2019,15plus,alc,m,180
pan,2019,15plus,smk,m,47
pan,2019,18plus,dia,a,64
pan,2019,18plus,dia,f,23
pan,2019,18plus,dia,m,40
pan,2019,all,hiv,a,230
pan,2019,all,und,a,280
png,2019,15plus,alc,a,3000
png,2019,15plus,alc,f,530
png,2019,15plus,alc,m,2300
png,2019,18plus,dia,a,1900
png,2019,18plus,dia,f,880
png,2019,18plus,dia,m,980
png,2019,all,hiv,a,1300
pry,2019,15plus,alc,a,420
pry,2019,15plus,smk,a,200
pry,2019,15plus,alc,f,69
pry,2019,15plus,smk,f,22
pry,2019,15plus,alc,m,410
pry,2019,15plus,smk,m,220
pry,2019,18plus,dia,a,120
pry,2019,18plus,dia,f,35
pry,2019,18plus,dia,m,82
pry,2019,all,hiv,a,270
pry,2019,all,und,a,620
per,2019,15plus,alc,a,6200
per,2019,15plus,smk,a,1900
per,2019,15plus,alc,f,1100
per,2019,15plus,smk,f,260
per,2019,15plus,alc,m,5600
per,2019,15plus,smk,m,1900
per,2019,18plus,dia,a,1300
per,2019,18plus,dia,f,510
per,2019,18plus,dia,m,800
per,2019,all,hiv,a,2400
per,2019,all,und,a,6800
phl,2019,15plus,alc,a,58000
phl,2019,15plus,smk,a,63000
phl,2019,15plus,alc,f,6300
phl,2019,15plus,smk,f,6000
phl,2019,15plus,alc,m,62000
phl,2019,15plus,smk,m,69000
phl,2019,18plus,dia,a,18000
phl,2019,18plus,dia,f,5500
phl,2019,18plus,dia,m,13000
phl,2019,all,hiv,a,12000
phl,2019,all,und,a,135000
pol,2019,15plus,alc,a,1300
pol,2019,15plus,smk,a,730
pol,2019,15plus,alc,f,120
pol,2019,15plus,smk,f,160
pol,2019,15plus,alc,m,1400
pol,2019,15plus,smk,m,600
pol,2019,18plus,dia,a,210
pol,2019,18plus,dia,f,50
pol,2019,18plus,dia,m,170
pol,2019,all,hiv,a,82
pol,2019,all,und,a,300
prt,2019,15plus,alc,a,260
prt,2019,15plus,smk,a,260
prt,2019,15plus,alc,f,45
prt,2019,15plus,smk,f,73
prt,2019,15plus,alc,m,250
prt,2019,15plus,smk,m,190
prt,2019,18plus,dia,a,63
prt,2019,18plus,dia,f,17
prt,2019,18plus,dia,m,49
prt,2019,all,hiv,a,200
prt,2019,all,und,a,100
qat,2019,15plus,alc,a,6
qat,2019,15plus,smk,a,61
qat,2019,15plus,alc,f,0
qat,2019,15plus,smk,f,0
qat,2019,15plus,alc,m,7
qat,2019,15plus,smk,m,90
qat,2019,18plus,dia,a,84
qat,2019,18plus,dia,f,16
qat,2019,18plus,dia,m,68
qat,2019,all,hiv,a,1
kor,2019,15plus,alc,a,7300
kor,2019,15plus,smk,a,3300
kor,2019,15plus,alc,f,1600
kor,2019,15plus,smk,f,380
kor,2019,15plus,alc,m,5900
kor,2019,15plus,smk,m,3200
kor,2019,18plus,dia,a,1200
kor,2019,18plus,dia,f,380
kor,2019,18plus,dia,m,810
kor,2019,all,hiv,a,300
kor,2019,all,und,a,1600
mda,2019,15plus,alc,a,380
mda,2019,15plus,smk,a,390
mda,2019,15plus,alc,f,39
mda,2019,15plus,smk,f,27
mda,2019,15plus,alc,m,440
mda,2019,15plus,smk,m,450
mda,2019,18plus,dia,a,120
mda,2019,18plus,dia,f,32
mda,2019,18plus,dia,m,85
mda,2019,all,hiv,a,330
rou,2019,15plus,alc,a,740
rou,2019,15plus,smk,a,1500
rou,2019,15plus,alc,f,110
rou,2019,15plus,smk,f,290
rou,2019,15plus,alc,m,820
rou,2019,15plus,smk,m,1400
rou,2019,18plus,dia,a,400
rou,2019,18plus,dia,f,110
rou,2019,18plus,dia,m,310
rou,2019,all,hiv,a,230
rou,2019,all,und,a,670
rus,2019,15plus,alc,a,22000
rus,2019,15plus,smk,a,9500
rus,2019,15plus,alc,f,3000
rus,2019,15plus,smk,f,1700
rus,2019,15plus,alc,m,22000
rus,2019,15plus,smk,m,9100
rus,2019,18plus,dia,a,2600
rus,2019,18plus,dia,f,800
rus,2019,18plus,dia,m,1800
rus,2019,all,hiv,a,17000
rus,2019,all,und,a,3800
rwa,2019,15plus,alc,a,920
rwa,2019,15plus,smk,a,390
rwa,2019,15plus,alc,f,92
rwa,2019,15plus,smk,f,36
rwa,2019,15plus,alc,m,1100
rwa,2019,15plus,smk,m,460
rwa,2019,18plus,dia,a,140
rwa,2019,18plus,dia,f,36
rwa,2019,18plus,dia,m,100
rwa,2019,all,hiv,a,1400
rwa,2019,all,und,a,3200
kna,2019,15plus,alc,a,0
kna,2019,15plus,alc,f,0
kna,2019,15plus,alc,m,0
kna,2019,18plus,dia,a,0
kna,2019,18plus,dia,f,0
kna,2019,18plus,dia,m,0
lca,2019,15plus,alc,a,0
lca,2019,15plus,alc,f,0
lca,2019,15plus,alc,m,0
lca,2019,18plus,dia,a,0
lca,2019,18plus,dia,f,0
lca,2019,18plus,dia,m,0
vct,2019,15plus,alc,a,0
vct,2019,15plus,alc,f,0
vct,2019,15plus,alc,m,0
vct,2019,18plus,dia,a,0
vct,2019,18plus,dia,f,0
vct,2019,18plus,dia,m,0
vct,2019,all,und,a,0
wsm,2019,15plus,alc,a,2
wsm,2019,15plus,smk,a,2
wsm,2019,15plus,alc,f,0
wsm,2019,15plus,smk,f,1
wsm,2019,15plus,alc,m,1
wsm,2019,15plus,smk,m,1
wsm,2019,18plus,dia,a,2
wsm,2019,18plus,dia,f,1
wsm,2019,18plus,dia,m,0
wsm,2019,all,und,a,1
stp,2019,15plus,alc,a,28
stp,2019,15plus,smk,a,5
stp,2019,15plus,alc,f,3
stp,2019,15plus,smk,f,0
stp,2019,15plus,alc,m,29
stp,2019,15plus,smk,m,6
stp,2019,18plus,dia,a,8
stp,2019,18plus,dia,f,2
stp,2019,18plus,dia,m,5
stp,2019,all,und,a,32
sau,2019,15plus,alc,a,23
sau,2019,15plus,smk,a,220
sau,2019,15plus,alc,f,2
sau,2019,15plus,smk,f,6
sau,2019,15plus,alc,m,26
sau,2019,15plus,smk,m,280
sau,2019,18plus,dia,a,260
sau,2019,18plus,dia,f,72
sau,2019,18plus,dia,m,190
sau,2019,all,hiv,a,73
sau,2019,all,und,a,460
sen,2019,15plus,alc,a,280
sen,2019,15plus,smk,a,720
sen,2019,15plus,alc,f,0
sen,2019,15plus,smk,f,25
sen,2019,15plus,alc,m,340
sen,2019,15plus,smk,m,820
sen,2019,18plus,dia,a,620
sen,2019,18plus,dia,f,230
sen,2019,18plus,dia,m,390
sen,2019,all,hiv,a,950
sen,2019,all,und,a,3800
srb,2019,15plus,alc,a,150
srb,2019,15plus,smk,a,230
srb,2019,15plus,alc,f,24
srb,2019,15plus,smk,f,98
srb,2019,15plus,alc,m,130
srb,2019,15plus,smk,m,130
srb,2019,18plus,dia,a,41
srb,2019,18plus,dia,f,16
srb,2019,18plus,dia,m,25
srb,2019,all,hiv,a,3
srb,2019,all,und,a,140
syc,2019,15plus,alc,a,2
syc,2019,15plus,smk,a,1
syc,2019,15plus,alc,f,0
syc,2019,15plus,smk,f,0
syc,2019,15plus,alc,m,2
syc,2019,15plus,smk,m,2
syc,2019,18plus,dia,a,0
syc,2019,18plus,dia,f,0
syc,2019,18plus,dia,m,0
sle,2019,15plus,alc,a,1500
sle,2019,15plus,smk,a,2000
sle,2019,15plus,alc,f,130
sle,2019,15plus,smk,f,360
sle,2019,15plus,alc,m,1500
sle,2019,15plus,smk,m,1700
sle,2019,18plus,dia,a,660
sle,2019,18plus,dia,f,250
sle,2019,18plus,dia,m,400
sle,2019,all,hiv,a,2900
sle,2019,all,und,a,8300
sgp,2019,15plus,alc,a,59
sgp,2019,15plus,smk,a,200
sgp,2019,15plus,alc,f,10
sgp,2019,15plus,smk,f,26
sgp,2019,15plus,alc,m,54
sgp,2019,15plus,smk,m,190
sgp,2019,18plus,dia,a,90
sgp,2019,18plus,dia,f,29
sgp,2019,18plus,dia,m,64
sgp,2019,all,hiv,a,44
svk,2019,15plus,alc,a,40
svk,2019,15plus,smk,a,27
svk,2019,15plus,alc,f,5
svk,2019,15plus,smk,f,12
svk,2019,15plus,alc,m,37
svk,2019,15plus,smk,m,19
svk,2019,18plus,dia,a,6
svk,2019,18plus,dia,f,2
svk,2019,18plus,dia,m,4
svk,2019,all,hiv,a,9
svk,2019,all,und,a,17
svn,2019,15plus,alc,a,25
svn,2019,15plus,smk,a,11
svn,2019,15plus,alc,f,3
svn,2019,15plus,smk,f,3
svn,2019,15plus,alc,m,24
svn,2019,15plus,smk,m,8
svn,2019,18plus,dia,a,3
svn,2019,18plus,dia,f,1
svn,2019,18plus,dia,m,2
svn,2019,all,hiv,a,1
svn,2019,all,und,a,5
slb,2019,15plus,alc,a,40
slb,2019,15plus,smk,a,65
slb,2019,15plus,alc,f,6
slb,2019,15plus,smk,f,17
slb,2019,15plus,alc,m,32
slb,2019,15plus,smk,m,45
slb,2019,18plus,dia,a,24
slb,2019,18plus,dia,f,12
slb,2019,18plus,dia,m,11
slb,2019,all,und,a,72
som,2019,15plus,alc,a,290
som,2019,15plus,alc,f,30
som,2019,15plus,alc,m,250
som,2019,18plus,dia,a,1000
som,2019,18plus,dia,f,400
som,2019,18plus,dia,m,650
som,2019,all,hiv,a,350
zaf,2019,15plus,alc,a,45000
zaf,2019,15plus,smk,a,33000
zaf,2019,15plus,alc,f,5200
zaf,2019,15plus,smk,f,5000
zaf,2019,15plus,alc,m,42000
zaf,2019,15plus,smk,m,31000
zaf,2019,18plus,dia,a,17000
zaf,2019,18plus,dia,f,7600
zaf,2019,18plus,dia,m,8800
zaf,2019,all,hiv,a,187000
zaf,2019,all,und,a,43000
esp,2019,15plus,alc,a,130
esp,2019,15plus,smk,a,540
esp,2019,15plus,alc,f,16
esp,2019,15plus,smk,f,190
esp,2019,15plus,alc,m,150
esp,2019,15plus,smk,m,350
esp,2019,18plus,dia,a,140
esp,2019,18plus,dia,f,39
esp,2019,18plus,dia,m,100
esp,2019,all,hiv,a,330
esp,2019,all,und,a,220
lka,2019,15plus,alc,a,860
lka,2019,15plus,smk,a,920
lka,2019,15plus,alc,f,63
lka,2019,15plus,smk,f,6
lka,2019,15plus,alc,m,1000
lka,2019,15plus,smk,m,1200
lka,2019,18plus,dia,a,450
lka,2019,18plus,dia,f,140
lka,2019,18plus,dia,m,290
lka,2019,all,hiv,a,8
lka,2019,all,und,a,2200
sdn,2019,15plus,alc,a,740
sdn,2019,15plus,alc,f,69
sdn,2019,15plus,alc,m,760
sdn,2019,18plus,dia,a,1100
sdn,2019,18plus,dia,f,450
sdn,2019,18plus,dia,m,590
sdn,2019,all,hiv,a,630
sdn,2019,all,und,a,8700
sur,2019,15plus,alc,a,21
sur,2019,15plus,alc,f,3
sur,2019,15plus,alc,m,21
sur,2019,18plus,dia,a,9
sur,2019,18plus,dia,f,2
sur,2019,18plus,dia,m,5
sur,2019,all,hiv,a,44
sur,2019,all,und,a,26
swe,2019,15plus,alc,a,99
swe,2019,15plus,smk,a,42
swe,2019,15plus,alc,f,35
swe,2019,15plus,smk,f,21
swe,2019,15plus,alc,m,72
swe,2019,15plus,smk,m,25
swe,2019,18plus,dia,a,11
swe,2019,18plus,dia,f,4
swe,2019,18plus,dia,m,8
swe,2019,all,hiv,a,13
swe,2019,all,und,a,28
che,2019,15plus,alc,a,78
che,2019,15plus,smk,a,53
che,2019,15plus,alc,f,12
che,2019,15plus,smk,f,20
che,2019,15plus,alc,m,67
che,2019,15plus,smk,m,33
che,2019,18plus,dia,a,8
che,2019,18plus,dia,f,2
che,2019,18plus,dia,m,6
che,2019,all,hiv,a,22
che,2019,all,und,a,24
syr,2019,15plus,alc,a,38
syr,2019,15plus,alc,f,2
syr,2019,15plus,alc,m,37
syr,2019,18plus,dia,a,190
syr,2019,18plus,dia,f,87
syr,2019,18plus,dia,m,110
syr,2019,all,hiv,a,2
tjk,2019,15plus,alc,a,140
tjk,2019,15plus,alc,f,22
tjk,2019,15plus,alc,m,140
tjk,2019,18plus,dia,a,340
tjk,2019,18plus,dia,f,150
tjk,2019,18plus,dia,m,190
tjk,2019,all,hiv,a,220
tha,2019,15plus,alc,a,11000
tha,2019,15plus,smk,a,10000
tha,2019,15plus,alc,f,600
tha,2019,15plus,smk,f,280
tha,2019,15plus,alc,m,13000
tha,2019,15plus,smk,m,13000
tha,2019,18plus,dia,a,4100
tha,2019,18plus,dia,f,1200
tha,2019,18plus,dia,m,2800
tha,2019,all,hiv,a,10000
tha,2019,all,und,a,15000
tls,2019,15plus,alc,a,230
tls,2019,15plus,smk,a,990
tls,2019,15plus,alc,f,28
tls,2019,15plus,smk,f,120
tls,2019,15plus,alc,m,230
tls,2019,15plus,smk,m,940
tls,2019,18plus,dia,a,150
tls,2019,18plus,dia,f,55
tls,2019,18plus,dia,m,93
tls,2019,all,hiv,a,55
tls,2019,all,und,a,2300
tgo,2019,15plus,alc,a,500
tgo,2019,15plus,smk,a,110
tgo,2019,15plus,alc,f,83
tgo,2019,15plus,smk,f,4
tgo,2019,15plus,alc,m,460
tgo,2019,15plus,smk,m,130
tgo,2019,18plus,dia,a,96
tgo,2019,18plus,dia,f,33
tgo,2019,18plus,dia,m,63
tgo,2019,all,hiv,a,450
tgo,2019,all,und,a,780
ton,2019,15plus,alc,a,1
ton,2019,15plus,smk,a,1
ton,2019,15plus,alc,f,0
ton,2019,15plus,smk,f,0
ton,2019,15plus,alc,m,0
ton,2019,15plus,smk,m,1
ton,2019,18plus,dia,a,1
ton,2019,18plus,dia,f,0
ton,2019,18plus,dia,m,0
tto,2019,15plus,alc,a,32
tto,2019,15plus,alc,f,4
tto,2019,15plus,alc,m,33
tto,2019,18plus,dia,a,13
tto,2019,18plus,dia,f,3
tto,2019,18plus,dia,m,8
tto,2019,all,hiv,a,39
tto,2019,all,und,a,26
tun,2019,15plus,alc,a,52
tun,2019,15plus,smk,a,420
tun,2019,15plus,alc,f,9
tun,2019,15plus,smk,f,22
tun,2019,15plus,alc,m,45
tun,2019,15plus,smk,m,350
tun,2019,18plus,dia,a,220
tun,2019,18plus,dia,f,120
tun,2019,18plus,dia,m,100
tun,2019,all,hiv,a,49
tun,2019,all,und,a,360
tur,2019,15plus,alc,a,1300
tur,2019,15plus,smk,a,1800
tur,2019,15plus,alc,f,200
tur,2019,15plus,smk,f,450
tur,2019,15plus,alc,m,1200
tur,2019,15plus,smk,m,1400
tur,2019,18plus,dia,a,800
tur,2019,18plus,dia,f,340
tur,2019,18plus,dia,m,450
tur,2019,all,hiv,a,150
tur,2019,all,und,a,670
tkm,2019,15plus,alc,a,300
tkm,2019,15plus,alc,f,48
tkm,2019,15plus,alc,m,270
tkm,2019,18plus,dia,a,140
tkm,2019,18plus,dia,f,58
tkm,2019,18plus,dia,m,85
tkm,2019,all,hiv,a,600
tkm,2019,all,und,a,280
tuv,2019,15plus,alc,a,3
tuv,2019,15plus,smk,a,4
tuv,2019,15plus,alc,f,0
tuv,2019,15plus,smk,f,1
tuv,2019,15plus,alc,m,2
tuv,2019,15plus,smk,m,2
tuv,2019,18plus,dia,a,2
tuv,2019,18plus,dia,f,1
tuv,2019,18plus,dia,m,1
uga,2019,15plus,alc,a,10000
uga,2019,15plus,smk,a,3100
uga,2019,15plus,alc,f,1100
uga,2019,15plus,smk,f,380
uga,2019,15plus,alc,m,10000
uga,2019,15plus,smk,m,3200
uga,2019,18plus,dia,a,1600
uga,2019,18plus,dia,f,600
uga,2019,18plus,dia,m,980
uga,2019,all,hiv,a,33000
uga,2019,all,und,a,42000
ukr,2019,15plus,alc,a,3900
ukr,2019,15plus,smk,a,4100
ukr,2019,15plus,alc,f,320
ukr,2019,15plus,smk,f,550
ukr,2019,15plus,alc,m,4600
ukr,2019,15plus,smk,m,4100
ukr,2019,18plus,dia,a,1100
ukr,2019,18plus,dia,f,350
ukr,2019,18plus,dia,m,790
ukr,2019,all,hiv,a,7800
ukr,2019,all,und,a,2400
are,2019,15plus,alc,a,1
are,2019,15plus,smk,a,6
are,2019,15plus,alc,f,0
are,2019,15plus,smk,f,0
are,2019,15plus,alc,m,1
are,2019,15plus,smk,m,8
are,2019,18plus,dia,a,5
are,2019,18plus,dia,f,3
are,2019,18plus,dia,m,4
are,2019,all,hiv,a,1
are,2019,all,und,a,5
gbr,2019,15plus,alc,a,830
gbr,2019,15plus,smk,a,490
gbr,2019,15plus,alc,f,190
gbr,2019,15plus,smk,f,170
gbr,2019,15plus,alc,m,740
gbr,2019,15plus,smk,m,340
gbr,2019,18plus,dia,a,140
gbr,2019,18plus,dia,f,47
gbr,2019,18plus,dia,m,100
gbr,2019,all,hiv,a,200
gbr,2019,all,und,a,280
tza,2019,15plus,alc,a,16000
tza,2019,15plus,smk,a,6800
tza,2019,15plus,alc,f,1900
tza,2019,15plus,smk,f,440
tza,2019,15plus,alc,m,16000
tza,2019,15plus,smk,m,7700
tza,2019,18plus,dia,a,3400
tza,2019,18plus,dia,f,1200
tza,2019,18plus,dia,m,2200
tza,2019,all,hiv,a,31000
tza,2019,all,und,a,55000
usa,2019,15plus,alc,a,2600
usa,2019,15plus,smk,a,1100
usa,2019,15plus,alc,f,780
usa,2019,15plus,smk,f,350
usa,2019,15plus,alc,m,1500
usa,2019,15plus,smk,m,610
usa,2019,18plus,dia,a,380
usa,2019,18plus,dia,f,130
usa,2019,18plus,dia,m,210
usa,2019,all,hiv,a,430
usa,2019,all,und,a,510
ury,2019,15plus,alc,a,150
ury,2019,15plus,smk,a,130
ury,2019,15plus,alc,f,23
ury,2019,15plus,smk,f,29
ury,2019,15plus,alc,m,150
ury,2019,15plus,smk,m,100
ury,2019,18plus,dia,a,52
ury,2019,18plus,dia,f,14
ury,2019,18plus,dia,m,36
ury,2019,all,hiv,a,160
ury,2019,all,und,a,63
uzb,2019,15plus,alc,a,2300
uzb,2019,15plus,smk,a,1200
uzb,2019,15plus,alc,f,400
uzb,2019,15plus,smk,f,63
uzb,2019,15plus,alc,m,1900
uzb,2019,15plus,smk,m,1200
uzb,2019,18plus,dia,a,950
uzb,2019,18plus,dia,f,440
uzb,2019,18plus,dia,m,510
uzb,2019,all,hiv,a,870
uzb,2019,all,und,a,2700
vut,2019,15plus,alc,a,11
vut,2019,15plus,smk,a,10
vut,2019,15plus,alc,f,2
vut,2019,15plus,smk,f,0
vut,2019,15plus,alc,m,8
vut,2019,15plus,smk,m,8
vut,2019,18plus,dia,a,7
vut,2019,18plus,dia,f,4
vut,2019,18plus,dia,m,3
vut,2019,all,und,a,17
ven,2019,15plus,alc,a,1600
ven,2019,15plus,alc,f,340
ven,2019,15plus,alc,m,1400
ven,2019,18plus,dia,a,540
ven,2019,18plus,dia,f,180
ven,2019,18plus,dia,m,360
ven,2019,all,hiv,a,970
ven,2019,all,und,a,4100
vnm,2019,15plus,alc,a,18000
vnm,2019,15plus,alc,f,1200
vnm,2019,15plus,alc,m,21000
vnm,2019,18plus,dia,a,4200
vnm,2019,18plus,dia,f,1100
vnm,2019,18plus,dia,m,3100
vnm,2019,all,hiv,a,5400
vnm,2019,all,und,a,29000
yem,2019,15plus,alc,a,110
yem,2019,15plus,smk,a,1000
yem,2019,15plus,alc,f,13
yem,2019,15plus,smk,f,190
yem,2019,15plus,alc,m,86
yem,2019,15plus,smk,m,810
yem,2019,18plus,dia,a,640
yem,2019,18plus,dia,f,280
yem,2019,18plus,dia,m,370
yem,2019,all,hiv,a,120
yem,2019,all,und,a,6400
zmb,2019,15plus,alc,a,6000
zmb,2019,15plus,smk,a,3700
zmb,2019,15plus,alc,f,530
zmb,2019,15plus,smk,f,330
zmb,2019,15plus,alc,m,6100
zmb,2019,15plus,smk,m,4000
zmb,2019,18plus,dia,a,1700
zmb,2019,18plus,dia,f,630
zmb,2019,18plus,dia,m,1000
zmb,2019,all,hiv,a,25000
zmb,2019,all,und,a,30000
zwe,2019,15plus,alc,a,3400
zwe,2019,15plus,smk,a,1900
zwe,2019,15plus,alc,f,460
zwe,2019,15plus,smk,f,76
zwe,2019,15plus,alc,m,3200
zwe,2019,15plus,smk,m,2100
zwe,2019,18plus,dia,a,900
zwe,2019,18plus,dia,f,380
zwe,2019,18plus,dia,m,500
zwe,2019,all,hiv,a,16000
zwe,2019,all,und,a,15000
